username,password,email
user1,$2a$10$...hashed...,user1@example.com
user2,$2a$10$...hashed...,user2@example.com
user3,$2a$10$...hashed...,user3@example.com
user4,$2a$10$...hashed...,user4@example.com
user5,$2a$10$...hashed...,user5@example.com
user6,$2a$10$...hashed...,user6@example.com
user7,$2a$10$...hashed...,user7@example.com
user8,$2a$10$...hashed...,user8@example.com
user9,$2a$10$...hashed...,user9@example.com
user10,$2a$10$...hashed...,user10@example.com
user11,$2a$10$...hashed...,user11@example.com
user12,$2a$10$...hashed...,user12@example.com
user13,$2a$10$...hashed...,user13@example.com
user14,$2a$10$...hashed...,user14@example.com
user15,$2a$10$...hashed...,user15@example.com
user16,$2a$10$...hashed...,user16@example.com
user17,$2a$10$...hashed...,user17@example.com
user18,$2a$10$...hashed...,user18@example.com
user19,$2a$10$...hashed...,user19@example.com
user20,$2a$10$...hashed...,user20@example.com